-- MySQL dump 10.14  Distrib 5.5.60-MariaDB, for Linux (x86_64)
--
-- Host: localhost    Database: linebot
-- ------------------------------------------------------
-- Server version	5.5.60-MariaDB

/*!40101 SET @OLD_CHARACTER_SET_CLIENT=@@CHARACTER_SET_CLIENT */;
/*!40101 SET @OLD_CHARACTER_SET_RESULTS=@@CHARACTER_SET_RESULTS */;
/*!40101 SET @OLD_COLLATION_CONNECTION=@@COLLATION_CONNECTION */;
/*!40101 SET NAMES utf8 */;
/*!40103 SET @OLD_TIME_ZONE=@@TIME_ZONE */;
/*!40103 SET TIME_ZONE='+00:00' */;
/*!40014 SET @OLD_UNIQUE_CHECKS=@@UNIQUE_CHECKS, UNIQUE_CHECKS=0 */;
/*!40014 SET @OLD_FOREIGN_KEY_CHECKS=@@FOREIGN_KEY_CHECKS, FOREIGN_KEY_CHECKS=0 */;
/*!40101 SET @OLD_SQL_MODE=@@SQL_MODE, SQL_MODE='NO_AUTO_VALUE_ON_ZERO' */;
/*!40111 SET @OLD_SQL_NOTES=@@SQL_NOTES, SQL_NOTES=0 */;

--
-- Table structure for table `DockerImages`
--

DROP TABLE IF EXISTS `DockerImages`;
/*!40101 SET @saved_cs_client     = @@character_set_client */;
/*!40101 SET character_set_client = utf8 */;
CREATE TABLE `DockerImages` (
  `id` int(10) NOT NULL AUTO_INCREMENT,
  `name` varchar(50) DEFAULT '',
  `layer` varchar(150) DEFAULT '',
  PRIMARY KEY (`id`)
) ENGINE=MyISAM AUTO_INCREMENT=4 DEFAULT CHARSET=utf8;
/*!40101 SET character_set_client = @saved_cs_client */;

--
-- Dumping data for table `DockerImages`
--

LOCK TABLES `DockerImages` WRITE;
/*!40000 ALTER TABLE `DockerImages` DISABLE KEYS */;
INSERT INTO `DockerImages` VALUES (2,'5.6',''),(3,'7.0','');
/*!40000 ALTER TABLE `DockerImages` ENABLE KEYS */;
UNLOCK TABLES;

--
-- Table structure for table `GitBranch`
--

DROP TABLE IF EXISTS `GitBranch`;
/*!40101 SET @saved_cs_client     = @@character_set_client */;
/*!40101 SET character_set_client = utf8 */;
CREATE TABLE `GitBranch` (
  `id` int(10) NOT NULL AUTO_INCREMENT,
  `repos_id` int(10) NOT NULL DEFAULT '0',
  `commits_url` varchar(150) DEFAULT '',
  `name` varchar(50) DEFAULT '',
  `created` int(10) DEFAULT '1111111111',
  `updated` int(10) DEFAULT '1111111111',
  PRIMARY KEY (`id`)
) ENGINE=MyISAM AUTO_INCREMENT=40 DEFAULT CHARSET=utf8;
/*!40101 SET character_set_client = @saved_cs_client */;

--
-- Dumping data for table `GitBranch`
--

LOCK TABLES `GitBranch` WRITE;
/*!40000 ALTER TABLE `GitBranch` DISABLE KEYS */;
INSERT INTO `GitBranch` VALUES (1,1,'https://api.bitbucket.org/2.0/repositories/yasukosan/reserve/commits/dev','dev',1539673059,1539673059),(2,1,'https://api.bitbucket.org/2.0/repositories/yasukosan/reserve/commits/dev2','dev2',1539673059,1539673059),(3,1,'https://api.bitbucket.org/2.0/repositories/yasukosan/reserve/commits/master','master',1539673059,1539673059),(4,2,'https://api.bitbucket.org/2.0/repositories/yasukosan/reserve_ver1/commits/master','master',1539673059,1539673059),(5,3,'https://api.bitbucket.org/2.0/repositories/yasukosan/caketest/commits/master','master',1539673059,1539673059),(6,4,'https://api.bitbucket.org/2.0/repositories/yasukosan/pazzdra/commits/master','master',1539673059,1539673059),(7,5,'https://api.bitbucket.org/2.0/repositories/yasukosan/sendview/commits/master','master',1539673059,1539673059),(8,6,'https://api.bitbucket.org/2.0/repositories/yasukosan/tokumori_webpage/commits/master','master',1539673059,1539673059),(9,7,'https://api.bitbucket.org/2.0/repositories/yasukosan/wether_report/commits/master','master',1539673060,1539673060),(10,8,'https://api.bitbucket.org/2.0/repositories/yasukosan/finance/commits/master','master',1539673061,1539673061),(11,9,'https://api.bitbucket.org/2.0/repositories/yasukosan/pmap/commits/master','master',1539673062,1539673062),(12,10,'https://api.bitbucket.org/2.0/repositories/yasukosan/opencv_test/commits/master','master',1539673063,1539673063),(13,11,'https://api.bitbucket.org/2.0/repositories/yasukosan/webrtc_test/commits/devel','devel',1539673064,1539673064),(14,11,'https://api.bitbucket.org/2.0/repositories/yasukosan/webrtc_test/commits/master','master',1539673064,1539673064),(15,12,'https://api.bitbucket.org/2.0/repositories/yasukosan/seleniumtest/commits/develop','develop',1539673065,1539673065),(16,12,'https://api.bitbucket.org/2.0/repositories/yasukosan/seleniumtest/commits/master','master',1539673065,1539673065),(17,13,'https://api.bitbucket.org/2.0/repositories/yasukosan/receptionandsender/commits/master','master',1539673066,1539673066),(18,14,'https://api.bitbucket.org/2.0/repositories/yasukosan/angular4test/commits/master','master',1539673067,1539673067),(19,15,'https://api.bitbucket.org/2.0/repositories/yasukosan/pazz-manager/commits/master','master',1539673069,1539673069),(20,16,'https://api.bitbucket.org/2.0/repositories/yasukosan/financetracker/commits/master','master',1539673070,1539673070),(21,17,'https://api.bitbucket.org/2.0/repositories/yasukosan/print-service/commits/master','master',1539673071,1539673071),(22,18,'https://api.bitbucket.org/2.0/repositories/yasukosan/reservetest/commits/master','master',1539673072,1539673072),(23,19,'https://api.bitbucket.org/2.0/repositories/yasukosan/kasekora/commits/master','master',1539673073,1539673073),(24,20,'https://api.bitbucket.org/2.0/repositories/yasukosan/guardian/commits/master','master',1539673074,1539673074),(25,21,'https://api.bitbucket.org/2.0/repositories/yasukosan/directive-test/commits/devel','devel',1539673075,1539673075),(26,21,'https://api.bitbucket.org/2.0/repositories/yasukosan/directive-test/commits/master','master',1539673075,1539673075),(27,22,'https://api.bitbucket.org/2.0/repositories/yasukosan/guardian_server/commits/master','master',1539673077,1539673077),(28,23,'https://api.bitbucket.org/2.0/repositories/yasukosan/catalog/commits/master','master',1539673078,1539673078),(29,24,'https://api.bitbucket.org/2.0/repositories/yasukosan/api_tester/commits/master','master',1539673079,1539673079),(30,25,'https://api.bitbucket.org/2.0/repositories/yasukosan/dnsapi/commits/master','master',1539673080,1539673080),(31,26,'https://api.bitbucket.org/2.0/repositories/yasukosan/autodeploy/commits/master','master',1539673082,1539673082),(32,27,'https://api.bitbucket.org/2.0/repositories/yasukosan/mo_php/commits/dev','dev',1539673083,1539673083),(33,27,'https://api.bitbucket.org/2.0/repositories/yasukosan/mo_php/commits/master','master',1539673083,1539673083),(34,28,'https://api.bitbucket.org/2.0/repositories/infotec-akihiro/test/commits/master','master',1540342294,1540342294),(35,30,'https://api.bitbucket.org/2.0/repositories/infotec-akihiro/rancher2.0/commits/master','master',1540342294,1540342294),(36,29,'https://api.bitbucket.org/2.0/repositories/infotec-akihiro/catalog/commits/master','master',1540342294,1540342294),(37,31,'https://api.bitbucket.org/2.0/repositories/infotec-akihiro/test/commits/master','master',1540859588,1540859588),(38,32,'https://api.bitbucket.org/2.0/repositories/infotec-akihiro/catalog/commits/master','master',1540859588,1540859588),(39,33,'https://api.bitbucket.org/2.0/repositories/infotec-akihiro/rancher2.0/commits/master','master',1540859588,1540859588);
/*!40000 ALTER TABLE `GitBranch` ENABLE KEYS */;
UNLOCK TABLES;

--
-- Table structure for table `GitCommit`
--

DROP TABLE IF EXISTS `GitCommit`;
/*!40101 SET @saved_cs_client     = @@character_set_client */;
/*!40101 SET character_set_client = utf8 */;
CREATE TABLE `GitCommit` (
  `id` int(10) NOT NULL AUTO_INCREMENT,
  `repos_id` int(10) NOT NULL DEFAULT '0',
  `branch_id` int(10) NOT NULL DEFAULT '0',
  `hash` varchar(50) DEFAULT '',
  `name` varchar(10) DEFAULT '',
  `date` varchar(50) DEFAULT '',
  `message` varchar(200) DEFAULT '',
  `created` int(10) DEFAULT '1111111111',
  `updated` int(10) DEFAULT '1111111111',
  PRIMARY KEY (`id`)
) ENGINE=MyISAM AUTO_INCREMENT=921 DEFAULT CHARSET=utf8;
/*!40101 SET character_set_client = @saved_cs_client */;

--
-- Dumping data for table `GitCommit`
--

LOCK TABLES `GitCommit` WRITE;
/*!40000 ALTER TABLE `GitCommit` DISABLE KEYS */;
INSERT INTO `GitCommit` VALUES (920,32,38,'ffff704b0c815e6515b067d50e7585d0b36bf838','ffff704b0c','2017-11-15T07:04:22+00:00','apach7.0　7.1対応',1545274248,1545274248),(919,32,38,'5add8a7851e99f7ef5b36cc3ca96836bb883cc38','5add8a7851','2018-04-16T06:16:21+00:00','apache7.2作成',1545274248,1545274248),(918,32,38,'92347c9f3a1d4c8f2b52d26a514ff158feb624c0','92347c9f3a','2018-04-16T06:45:23+00:00','apache7.2作成 修正',1545274248,1545274248),(917,32,38,'7a6be44dabbe6a70194ac4c551a4b225308f7eef','7a6be44dab','2018-04-16T06:46:52+00:00','apache7.2作成 修正',1545274248,1545274248),(916,32,38,'ab375f972ebd41240ce3d6ee433364bcd3102880','ab375f972e','2018-04-16T07:19:33+00:00','apache7.2作成 修正',1545274248,1545274248),(915,32,38,'a8b499bbdd52f7749e60dcbac0be26362f9c209b','a8b499bbdd','2018-04-16T07:36:26+00:00','testapache7.2作成 修正',1545274248,1545274248),(914,32,38,'db08186452cd0a8b4d729c5efbe4cebbaeaacbf9','db08186452','2018-04-16T07:39:57+00:00','testapache7.2作成 修正',1545274248,1545274248),(913,32,38,'5caf0902c1ebfe79c5d109c4a619ec50dabb41c5','5caf0902c1','2018-04-16T07:55:29+00:00','testapache7.2作成 修正',1545274248,1545274248),(912,32,38,'5c16ad0e5ae1ece3fc4d73d267563cdd26032603','5c16ad0e5a','2018-04-16T08:01:33+00:00','testapache7.2作成 修正',1545274248,1545274248),(911,32,38,'e9fb1707193e2ab7a3d7e24a46a37f85aab0273a','e9fb170719','2018-05-22T08:36:57+00:00','cakephp3　サイドキック化',1545274248,1545274248),(910,32,38,'c1087eefec91420839ad881ec6c4e71838fb7ee3','c1087eefec','2018-05-22T08:52:35+00:00','cakephp3　サイドキック化',1545274248,1545274248),(909,32,38,'cf45c30cb9788bf9ec19971b6a03cffb7fcffdaa','cf45c30cb9','2018-05-23T00:57:11+00:00','',1545274248,1545274248),(908,32,38,'4f55ded086d5ccc02c2ad27f1a31096e4dd13f00','4f55ded086','2018-05-23T01:24:42+00:00','',1545274248,1545274248),(907,32,38,'b2f7fb7fe56fb73baf90f2aa1171026e5f3c34bd','b2f7fb7fe5','2018-05-23T02:08:03+00:00','',1545274248,1545274248),(906,32,38,'678e260d18313813b117f2406a33b3c60485a214','678e260d18','2018-05-23T02:11:07+00:00','',1545274248,1545274248),(905,32,38,'afba89b4a5c2256cd4aec63c3994c4a62693ac3b','afba89b4a5','2018-05-23T02:28:25+00:00','',1545274248,1545274248),(904,32,38,'076be26724995fc6f6d01e117b1ae2a16bd91d5b','076be26724','2018-05-23T02:32:17+00:00','',1545274248,1545274248),(903,32,38,'174cfa95df73408704d4d9460584b76c4f466c13','174cfa95df','2018-05-23T02:35:19+00:00','',1545274248,1545274248),(902,32,38,'140c8ca582163b22b46d972fdc5cf1bf44d2b10c','140c8ca582','2018-05-23T02:55:24+00:00','',1545274248,1545274248),(901,32,38,'113d6fb4fc349e333eb708e81105c9a917537fe1','113d6fb4fc','2018-05-23T03:01:38+00:00','',1545274248,1545274248),(900,32,38,'508807efaf8f5bc4bda8b112078add25c6f7cf38','508807efaf','2018-05-23T03:15:03+00:00','',1545274248,1545274248),(899,32,38,'ffa0464c83a2c2c1f45547e1d2f2a35da59c9c42','ffa0464c83','2018-05-23T04:27:06+00:00','',1545274248,1545274248),(27,6,8,'f2a1d0c6554d5728b1907fc33bc37484438c5352','f2a1d0c655','2015-12-22T07:03:30+00:00','2015/12/22',1539678089,1539678089),(28,6,8,'e3c7b88cd8392528392501dd2d340ec30338ddcd','e3c7b88cd8','2015-12-20T15:07:09+00:00','2015/12/21',1539678089,1539678089),(29,6,8,'94ce39f5f737d2809864f0d05f06780170ba9baa','94ce39f5f7','2015-12-20T08:28:04+00:00','2015/12/20',1539678089,1539678089),(30,6,8,'a85479d889be306185ceb8f0c689c43f35347ea2','a85479d889','2015-12-14T04:55:33+00:00','2015/12/14',1539678089,1539678089),(31,6,8,'1150f70c31aff3d4dfd13ee38a6ee5fce75fb9fc','1150f70c31','2015-12-01T10:26:19+00:00','2015/12/1',1539678089,1539678089),(32,6,8,'2babc8e46e430fbcb52153dcbbd3cf93b40d227f','2babc8e46e','2015-12-01T10:18:18+00:00','2015/12/1\n',1539678089,1539678089),(33,6,8,'5d19d38b2e861c03be0e5797f0a713204f928665','5d19d38b2e','2015-11-30T13:36:07+00:00','2015/11/30',1539678089,1539678089),(34,6,8,'77fa6dcadd2219199da69591e68885aaf6bbad72','77fa6dcadd','2015-11-29T14:16:22+00:00','2015/11/29',1539678089,1539678089),(35,6,8,'1e6207c583bf1a9fb2f9c4d05102913920b1280f','1e6207c583','2015-11-27T12:21:50+00:00','2015/11/27',1539678089,1539678089),(36,6,8,'22549988847fbd637e8e0163d078df741b07ac31','2254998884','2015-11-27T10:39:00+00:00','2015/11/27',1539678089,1539678089),(37,6,8,'4b399fd2103f39f0356b0204d741d125c9cd1628','4b399fd210','2015-11-26T14:20:53+00:00','2015/11/26',1539678089,1539678089),(38,6,8,'e079cffa97715f35ccaed68216c0f3a1207ef3d3','e079cffa97','2015-11-25T14:45:49+00:00','2015/11/25',1539678089,1539678089),(39,6,8,'d18291af695100f815322288095b10ea00da235f','d18291af69','2015-11-25T02:31:56+00:00','2015/11/25',1539678089,1539678089),(40,6,8,'8679729f9514cdcc58d35e1d6294cecff973c645','8679729f95','2015-11-11T01:56:37+00:00','2015/11/10',1539678089,1539678089),(41,6,8,'4b3b29d6597905af0872e5a857924c6b26fa4b37','4b3b29d659','2015-11-09T14:37:35+00:00','2015/11/09',1539678089,1539678089),(42,6,8,'0f694fe6a65e13ac40f8803f08c3b099390c184a','0f694fe6a6','2015-11-09T08:39:23+00:00','2015/11/09',1539678089,1539678089),(43,6,8,'94b052a780c06eafee208e3bf1b6d665d2cc217e','94b052a780','2015-11-09T08:38:44+00:00','2015/11/09',1539678089,1539678089),(44,6,8,'03a4e45e46205487de009d59f8486251887d207c','03a4e45e46','2015-11-08T15:18:56+00:00','2015/11/9',1539678089,1539678089),(45,6,8,'cdf5b09f487aad8348c6ed50a9c24a687aa7f3aa','cdf5b09f48','2015-11-08T07:45:14+00:00','2015/11/8',1539678089,1539678089),(46,6,8,'39b27c92d7626306bb76f11c9311b1892aee7312','39b27c92d7','2015-11-07T15:19:12+00:00','2015/11/7',1539678089,1539678089),(47,6,8,'f1edd4d2cf1816e30b8c4e09dddd32796a9d0f23','f1edd4d2cf','2015-11-06T08:29:28+00:00','2015/11/06',1539678089,1539678089),(48,6,8,'9c593d84b5358f1af38154b2f75282e978ed3d8a','9c593d84b5','2015-11-06T07:31:42+00:00','2015/11/06',1539678089,1539678089),(49,6,8,'c266366ed6cece27d545479dd6e18abf45370479','c266366ed6','2015-11-02T05:36:06+00:00','2015/11/2',1539678089,1539678089),(50,6,8,'f32759b0a48f00fc7206fc53efdba6322077d568','f32759b0a4','2015-10-20T04:13:03+00:00','2015/10/20',1539678089,1539678089),(51,6,8,'f0d9463284abab91e4aef7572a3f49cbfd7cdfc8','f0d9463284','2015-10-19T09:01:11+00:00','2015/10/19',1539678089,1539678089),(52,6,8,'934ef73131e9052fde0d65a6deb57038c42ea429','934ef73131','2015-10-18T14:34:40+00:00','2015/10/18',1539678089,1539678089),(53,6,8,'9be4176be85e9c1c1a8b6def49c63f06e5e2bd6a','9be4176be8','2015-10-16T08:17:37+00:00','2015/10/16',1539678089,1539678089),(54,6,8,'c8d5513c6b649751139bd2fa92f9b064d7065ffb','c8d5513c6b','2015-10-16T05:20:48+00:00','2015/10/16',1539678089,1539678089),(55,6,8,'44b0284d1688401bbcc3c4239fc8f1f4464f6bba','44b0284d16','2015-10-15T09:01:37+00:00','2015/10/15',1539678089,1539678089),(56,6,8,'c33146e7d5f9772edc4028afc7608658c010fd1e','c33146e7d5','2015-10-13T13:05:30+00:00','2015/10/13',1539678089,1539678089),(898,32,38,'f0c37b0f815e8cd903e88313b86448fd0477ed79','f0c37b0f81','2018-05-23T04:40:50+00:00','',1545274248,1545274248),(897,32,38,'122f0ada094dd6ff02516a304c81a57794c25bd5','122f0ada09','2018-06-19T01:17:51+00:00','eccube',1545274248,1545274248),(896,32,38,'047a21a415362a6b9c5036ef56eb5f191e0c16d2','047a21a415','2018-06-19T01:26:06+00:00','修正',1545274248,1545274248),(895,32,38,'87c969ad4f3f2e6c3f3c508f8e80fa1e09304210','87c969ad4f','2018-06-19T01:29:07+00:00','修正',1545274248,1545274248),(894,32,38,'f648258c66b46cd686a71e03432acf8297b8ec29','f648258c66','2018-06-19T01:34:09+00:00','修正',1545274248,1545274248),(893,32,38,'9a079da5920936dc6076fa8bb56e5cad6af1a0c4','9a079da592','2018-06-19T01:38:56+00:00','再修正',1545274248,1545274248),(892,32,38,'97940092d93174434d0d65fc8068ed69092ee9f4','97940092d9','2018-06-27T08:40:51+00:00','apache php mysql phpmyadmin',1545274248,1545274248),(891,32,38,'32d3178dd46650eb0ae6e2f398c1a4dad5196005','32d3178dd4','2018-06-28T00:49:20+00:00','調整',1545274248,1545274248),(890,33,39,'82900826b66640b817dff083fb96197c86aedf82','82900826b6','2018-10-18T00:53:38+00:00','カタログファイル作成\n',1540859615,1540859615),(889,33,39,'57b269143d44145dc456c01b26f4bbb997261c09','57b269143d','2018-10-18T01:00:32+00:00','questions.yml作成\n',1540859615,1540859615),(888,33,39,'411b48941f176a6c604d78dac6ace0d12234f275','411b48941f','2018-10-18T01:10:37+00:00','フォルダ構成変更\n',1540859615,1540859615),(887,33,39,'f197b3a2750cf1f2d6d5a36b5a81127e8cfa2b21','f197b3a275','2018-10-18T01:13:28+00:00','フォルダ構成変更\n',1540859615,1540859615),(886,33,39,'bf054dee2fb7a4f9a7ba96e5a8965c44e8b7e754','bf054dee2f','2018-10-18T01:27:40+00:00','lamp追加\n',1540859615,1540859615),(885,33,39,'942b223246d69633332fe8278fd79cc9972a57fc','942b223246','2018-10-18T01:43:04+00:00','ディレクトリ構成変更\n',1540859615,1540859615),(884,33,39,'c4920441915d6590112f24a4b4cc85411828b50f','c492044191','2018-10-18T02:10:31+00:00','LAMP説明追加\n',1540859615,1540859615),(883,33,39,'3cd8099316cd6b1472c9b35d6b7e7e16c7125f03','3cd8099316','2018-10-18T02:12:51+00:00','chart編集\n',1540859615,1540859615),(882,33,39,'c4d762ecd2eef5394bb7fe577a2fa5271250a709','c4d762ecd2','2018-10-22T08:17:32+00:00','HOSTDATA\n',1540859615,1540859615),(859,27,32,'ff00c2f95b624f7448d07bebd49d8de752ee38c6','ff00c2f95b','2018-10-05T04:05:08+00:00','first\n',1540367617,1540367617),(881,2,4,'d672082f053791a73b0a5e288f676c5eb86b5250','d672082f05','2014-09-14T14:35:03+00:00','first',1540433912,1540433912),(880,2,4,'af42a6b353ffdd1eb7ec6c2445c60ba411389bc3','af42a6b353','2014-09-15T13:50:37+00:00','2014/09/15',1540433912,1540433912),(879,2,4,'3d5e399193a9d34779bb25438c09e2564721213b','3d5e399193','2014-09-17T07:07:07+00:00','2014/09/17',1540433912,1540433912),(878,2,4,'410d140b76754b9f823b69c967db0cbe97916bba','410d140b76','2014-09-17T09:02:50+00:00','2014/09/17',1540433912,1540433912),(877,2,4,'733cecc1ea530eafd249f5792f1b02ff1116b6ba','733cecc1ea','2014-09-18T07:57:54+00:00','2014/09/18',1540433912,1540433912),(876,2,4,'a3415594138d5755e1e868149ecb1804c7fb8a12','a341559413','2014-09-18T08:25:32+00:00','2014/09/18',1540433912,1540433912),(875,2,4,'b7678c8aac7e5d4e40d0d08b855ffb1576a60e4e','b7678c8aac','2014-09-22T10:17:43+00:00','2014/09/22',1540433912,1540433912),(874,2,4,'3bc90aeb2367d3145ea66e469ba62bef1684226c','3bc90aeb23','2014-09-25T08:01:58+00:00','2014/09/25',1540433912,1540433912),(873,2,4,'d8a3014e79eeae56e0132227ec799de02b8ba7c2','d8a3014e79','2014-09-26T09:01:37+00:00','2014/09/26',1540433912,1540433912),(872,2,4,'13b89db561579afb9f82b3f4f731ec40f2481f82','13b89db561','2014-09-29T09:00:34+00:00','2014/09/29',1540433912,1540433912),(871,2,4,'d8a89a028ca32a6c98b29d2900115ab246be8e40','d8a89a028c','2014-09-29T14:57:54+00:00','2014/09/29',1540433912,1540433912),(870,2,4,'0670da04bc4fe880833f4af06cbc48e630697ae7','0670da04bc','2014-09-30T08:55:05+00:00','2014/09/30',1540433912,1540433912),(869,2,4,'ac434a4ad81d835a272513bfb83a9ae59085510d','ac434a4ad8','2014-09-30T09:01:28+00:00','2014/09/30',1540433912,1540433912),(868,2,4,'338f1f9a909cb11db681d5c67ffd37f0fc80f58d','338f1f9a90','2014-10-01T09:02:17+00:00','2014/10/1',1540433912,1540433912),(867,2,4,'0cac76de7ba31fa28081e10ec3c18e03d98884d8','0cac76de7b','2014-10-03T06:43:37+00:00','2014/10/03',1540433912,1540433912),(866,2,4,'551e68207774a8f9287c079c64b1a2358b6b9643','551e682077','2014-10-08T08:38:26+00:00','2014/10/08',1540433912,1540433912),(865,2,4,'01c5739e2ca534c6567896658bf6278b11eea63e','01c5739e2c','2014-10-28T09:00:20+00:00','2014/10/28',1540433912,1540433912),(864,2,4,'ca4c607baeb0141ca15a2f92929ab38dde6e9c2d','ca4c607bae','2014-10-29T09:02:03+00:00','2014/10/29',1540433912,1540433912),(863,2,4,'d0ae1cd5143070b48a8f2e6ccc56c742dc8256de','d0ae1cd514','2014-10-30T09:00:45+00:00','2014/10/30',1540433912,1540433912),(862,2,4,'53589fcc277103e8cefa8c3c47672cadd7ebca3f','53589fcc27','2014-10-31T06:58:16+00:00','2014/10/31',1540433912,1540433912),(861,2,4,'05538c0b08982b78b63f24d5555371613b7c8fe9','05538c0b08','2015-03-20T14:41:35+00:00','2015/3/20',1540433912,1540433912),(860,2,4,'baa2acb81df634e79ce29f588aa341c49b6a3559','baa2acb81d','2016-05-23T14:05:23+00:00','2016/05/23',1540433912,1540433912),(420,26,31,'d0be97717c6f4492fe0c273d5ef847a96740cd7b','d0be97717c','2018-08-28T00:53:02+00:00','First\n',1539936735,1539936735),(419,26,31,'de5224518dd39935775e0af10ad680c4002e7bd1','de5224518d','2018-09-10T07:25:33+00:00','First\n',1539936735,1539936735),(418,26,31,'3c797d4bb1bb65eed3c9944f114e3682db18e849','3c797d4bb1','2018-10-03T05:14:07+00:00','webからコンテナ起動、デプロイ、URL作成まで\n',1539936735,1539936735),(416,26,31,'69a5ccc7326ef40ee3974f1e5b8c60ea78f0b6b1','69a5ccc732','2018-10-11T10:21:31+00:00','コンテナ作成・削除対応\n',1539936735,1539936735),(417,26,31,'fdc13bc90d37b1c3bd0b18632206f1178ad7d4f6','fdc13bc90d','2018-10-10T09:01:48+00:00','コミット切替実装\n',1539936735,1539936735),(414,26,31,'3bc76219ca7ecdbe5f23e03e5a59d8b097b7c8ae','3bc76219ca','2018-10-19T08:10:52+00:00','データベース復元対応\n',1539936735,1539936735),(415,26,31,'a9b24272955b81048af3ec644589497367bf28bd','a9b2427295','2018-10-14T08:52:26+00:00','Gitアカウント編集対応\n',1539936735,1539936735),(854,17,21,'a4af1a10b8b306c92486fb3b806accfe6631be68','a4af1a10b8','2017-10-17T05:16:50+00:00','chore: initial commit from @angular/cli\n',1540362514,1540362514),(853,17,21,'7baf6a829c3f8302f9089d3fd3490ac1fa5791b0','7baf6a829c','2017-10-18T08:35:45+00:00','20171018\n',1540362514,1540362514),(852,17,21,'b13715618a9497096ff512e858ec1149e0fde887','b13715618a','2017-10-20T09:00:52+00:00','20171020\n',1540362514,1540362514),(851,17,21,'bc4073b8e2bcd842e8262e2a0a330613dfe7eb84','bc4073b8e2','2017-10-23T10:23:35+00:00','20171023\n',1540362514,1540362514),(850,17,21,'03e5e5d2d21333ba698242762389b681e0a9a038','03e5e5d2d2','2017-10-24T09:01:17+00:00','20171024\n',1540362514,1540362514),(849,17,21,'8fb1a3db5c2ab96f35849289efc7d5fe9cc2562c','8fb1a3db5c','2017-10-26T09:01:38+00:00','20171026\n',1540362514,1540362514),(848,17,21,'d78c5f98a737304f09c7e74dfafadfd42065c806','d78c5f98a7','2017-10-30T09:03:11+00:00','20171030\n',1540362514,1540362514),(847,17,21,'cad305ea63cdd8d97fc6948d9f5fe5908cae1802','cad305ea63','2017-11-01T08:11:28+00:00','20171101\n',1540362514,1540362514),(846,17,21,'5267c77b33fa8b4a989f02bddd41816867b2dbfc','5267c77b33','2017-11-02T08:23:23+00:00','20171102\n',1540362514,1540362514),(845,17,21,'b191e12f2d95b3d640c4f7926eaa7d54c3d50979','b191e12f2d','2017-11-06T09:00:59+00:00','20171106\n',1540362514,1540362514),(844,17,21,'778aa7f980b11829ac685e7c2521005712c2769e','778aa7f980','2017-11-08T09:00:12+00:00','20171108\n',1540362514,1540362514),(843,17,21,'2f1aca3beaf1c31af961028ba4bbec7a9060b56a','2f1aca3bea','2017-11-10T08:59:09+00:00','20171110\n',1540362514,1540362514),(842,17,21,'e01b406127156414cb8c34a06bad6e04ce1252c2','e01b406127','2017-11-17T09:00:55+00:00','20171117\n',1540362514,1540362514),(841,17,21,'004eee75057b596341b9bd6de4dec002196834eb','004eee7505','2017-11-21T08:41:13+00:00','20171121\n',1540362514,1540362514),(840,17,21,'54bbfcec3e2fe1003c4d641da43a93c41d109bb0','54bbfcec3e','2017-11-22T10:32:37+00:00','20171122\n',1540362514,1540362514),(839,17,21,'da78bf3c01f48299b84bb8b0831e2a844a5a4bf6','da78bf3c01','2017-11-24T10:51:12+00:00','20171124\n',1540362514,1540362514),(838,17,21,'92ad6364f37f2ff9a0c140928b57bf24fb058fcb','92ad6364f3','2017-11-29T10:36:53+00:00','20171129\n',1540362514,1540362514),(837,17,21,'ed2f013ae5e09f594ad727e2e64266512721f68b','ed2f013ae5','2017-12-04T09:01:38+00:00','20171204\n',1540362514,1540362514),(836,17,21,'f63f547a25da3d89cf216aace0a8f05b0a212ff8','f63f547a25','2017-12-05T08:57:18+00:00','20171205\n',1540362514,1540362514),(835,17,21,'6af03fbb26e95e1c977b0da94736c063f97a9779','6af03fbb26','2017-12-11T10:27:14+00:00','20171211\n',1540362514,1540362514),(834,17,21,'c44ef39729c968f308f4a96e2a734b33f0f128fb','c44ef39729','2017-12-14T10:18:04+00:00','20171214\n',1540362514,1540362514),(833,17,21,'d55068001d899bc0536dd76050eb47112b2eb0f3','d55068001d','2017-12-18T10:24:07+00:00','20171218\n',1540362514,1540362514),(832,17,21,'31888c18f2ab5dd3081b616bd485394ccce5c3ce','31888c18f2','2017-12-27T06:07:23+00:00','20171227\n',1540362514,1540362514),(831,17,21,'7573be0c71173713d0c9746dcebaf3ca97edd6fe','7573be0c71','2018-01-24T04:05:34+00:00','20180124\n',1540362514,1540362514),(829,17,21,'d51e037f85d2ec1f213c9ba7419440ee937cf21d','d51e037f85','2018-09-21T02:16:22+00:00','npm アップデート\n',1540362514,1540362514),(830,17,21,'f5821d51fa97f53c7e8b181463fe698f94411a63','f5821d51fa','2018-09-21T01:24:40+00:00','add dist\n',1540362514,1540362514),(828,17,21,'d2dda722ae34b97c5d274f887d30a7a4a6ce7723','d2dda722ae','2018-10-17T08:01:55+00:00','データベース自動作成試験\n',1540362514,1540362514);
/*!40000 ALTER TABLE `GitCommit` ENABLE KEYS */;
UNLOCK TABLES;

--
-- Table structure for table `GitRepos`
--

DROP TABLE IF EXISTS `GitRepos`;
/*!40101 SET @saved_cs_client     = @@character_set_client */;
/*!40101 SET character_set_client = utf8 */;
CREATE TABLE `GitRepos` (
  `id` int(10) NOT NULL AUTO_INCREMENT,
  `gitserver_id` int(10) NOT NULL DEFAULT '0',
  `branch_url` varchar(150) DEFAULT '',
  `name` varchar(50) DEFAULT '',
  `u_name` varchar(50) NOT NULL,
  `mainbranch` varchar(100) DEFAULT '',
  `created` int(10) DEFAULT '1111111111',
  `updated` int(10) DEFAULT '1111111111',
  PRIMARY KEY (`id`)
) ENGINE=MyISAM AUTO_INCREMENT=34 DEFAULT CHARSET=utf8;
/*!40101 SET character_set_client = @saved_cs_client */;

--
-- Dumping data for table `GitRepos`
--

LOCK TABLES `GitRepos` WRITE;
/*!40000 ALTER TABLE `GitRepos` DISABLE KEYS */;
INSERT INTO `GitRepos` VALUES (1,11,'https://api.bitbucket.org/2.0/repositories/yasukosan/reserve/refs/branches','Reserve','','master',1539673055,1539673055),(2,11,'https://api.bitbucket.org/2.0/repositories/yasukosan/reserve_ver1/refs/branches','reserve_ver1','','master',1539673055,1539673055),(3,11,'https://api.bitbucket.org/2.0/repositories/yasukosan/caketest/refs/branches','CakeTest','','master',1539673055,1539673055),(4,11,'https://api.bitbucket.org/2.0/repositories/yasukosan/pazzdra/refs/branches','Pazzdra','','master',1539673055,1539673055),(5,11,'https://api.bitbucket.org/2.0/repositories/yasukosan/sendview/refs/branches','SendView','','master',1539673055,1539673055),(6,11,'https://api.bitbucket.org/2.0/repositories/yasukosan/tokumori_webpage/refs/branches','Tokumori_Webpage','','master',1539673055,1539673055),(7,11,'https://api.bitbucket.org/2.0/repositories/yasukosan/wether_report/refs/branches','wether_report','','master',1539673055,1539673055),(8,11,'https://api.bitbucket.org/2.0/repositories/yasukosan/finance/refs/branches','Finance','','master',1539673055,1539673055),(9,11,'https://api.bitbucket.org/2.0/repositories/yasukosan/pmap/refs/branches','pmap','','master',1539673055,1539673055),(10,11,'https://api.bitbucket.org/2.0/repositories/yasukosan/opencv_test/refs/branches','opencv_test','','master',1539673055,1539673055),(11,11,'https://api.bitbucket.org/2.0/repositories/yasukosan/webrtc_test/refs/branches','Webrtc_test','','master',1539673055,1539673055),(12,11,'https://api.bitbucket.org/2.0/repositories/yasukosan/seleniumtest/refs/branches','SeleniumTest','','master',1539673055,1539673055),(13,11,'https://api.bitbucket.org/2.0/repositories/yasukosan/receptionandsender/refs/branches','ReceptionAndSender','','master',1539673055,1539673055),(14,11,'https://api.bitbucket.org/2.0/repositories/yasukosan/angular4test/refs/branches','Angular4Test','','master',1539673055,1539673055),(15,11,'https://api.bitbucket.org/2.0/repositories/yasukosan/pazz-manager/refs/branches','pazz-manager','','master',1539673055,1539673055),(16,11,'https://api.bitbucket.org/2.0/repositories/yasukosan/financetracker/refs/branches','FinanceTracker','','master',1539673055,1539673055),(17,11,'https://api.bitbucket.org/2.0/repositories/yasukosan/print-service/refs/branches','print-service','','master',1539673055,1539673055),(18,11,'https://api.bitbucket.org/2.0/repositories/yasukosan/reservetest/refs/branches','ReserveTest','','master',1539673055,1539673055),(19,11,'https://api.bitbucket.org/2.0/repositories/yasukosan/kasekora/refs/branches','Kasekora','','master',1539673055,1539673055),(20,11,'https://api.bitbucket.org/2.0/repositories/yasukosan/guardian/refs/branches','Guardian','','master',1539673055,1539673055),(21,11,'https://api.bitbucket.org/2.0/repositories/yasukosan/directive-test/refs/branches','directive-test','','master',1539673055,1539673055),(22,11,'https://api.bitbucket.org/2.0/repositories/yasukosan/guardian_server/refs/branches','guardian_server','','master',1539673055,1539673055),(23,11,'https://api.bitbucket.org/2.0/repositories/yasukosan/catalog/refs/branches','Catalog','','master',1539673055,1539673055),(24,11,'https://api.bitbucket.org/2.0/repositories/yasukosan/api_tester/refs/branches','API_TESTER','','master',1539673055,1539673055),(25,11,'https://api.bitbucket.org/2.0/repositories/yasukosan/dnsapi/refs/branches','DnsAPI','','master',1539673055,1539673055),(26,11,'https://api.bitbucket.org/2.0/repositories/yasukosan/autodeploy/refs/branches','AutoDeploy','','master',1539673055,1539673055),(27,11,'https://api.bitbucket.org/2.0/repositories/yasukosan/mo_php/refs/branches','mo_php','','master',1539673055,1539673055),(28,14,'https://api.bitbucket.org/2.0/repositories/infotec-akihiro/test/refs/branches','test','','master',1540342292,1540342292),(29,14,'https://api.bitbucket.org/2.0/repositories/infotec-akihiro/catalog/refs/branches','catalog','','master',1540342292,1540342292),(30,14,'https://api.bitbucket.org/2.0/repositories/infotec-akihiro/rancher2.0/refs/branches','rancher2.0','','master',1540342292,1540342292),(31,15,'https://api.bitbucket.org/2.0/repositories/infotec-akihiro/test/refs/branches','test','','master',1540859579,1540859579),(32,15,'https://api.bitbucket.org/2.0/repositories/infotec-akihiro/catalog/refs/branches','catalog','','master',1540859579,1540859579),(33,15,'https://api.bitbucket.org/2.0/repositories/infotec-akihiro/rancher2.0/refs/branches','rancher2.0','','master',1540859579,1540859579);
/*!40000 ALTER TABLE `GitRepos` ENABLE KEYS */;
UNLOCK TABLES;

--
-- Table structure for table `GitServer`
--

DROP TABLE IF EXISTS `GitServer`;
/*!40101 SET @saved_cs_client     = @@character_set_client */;
/*!40101 SET character_set_client = utf8 */;
CREATE TABLE `GitServer` (
  `id` int(10) NOT NULL AUTO_INCREMENT,
  `url` varchar(150) DEFAULT '',
  `user` varchar(20) DEFAULT '',
  `passwd` varchar(30) DEFAULT '',
  `gittype_id` int(10) DEFAULT '0',
  PRIMARY KEY (`id`)
) ENGINE=MyISAM AUTO_INCREMENT=16 DEFAULT CHARSET=utf8;
/*!40101 SET character_set_client = @saved_cs_client */;

--
-- Dumping data for table `GitServer`
--

LOCK TABLES `GitServer` WRITE;
/*!40000 ALTER TABLE `GitServer` DISABLE KEYS */;
INSERT INTO `GitServer` VALUES (10,'git','aa','aa',1),(11,'git','yasukosan','yasuko0704',1),(15,'git','infotec-akihiro','aki38taki',1);
/*!40000 ALTER TABLE `GitServer` ENABLE KEYS */;
UNLOCK TABLES;

--
-- Table structure for table `GitType`
--

DROP TABLE IF EXISTS `GitType`;
/*!40101 SET @saved_cs_client     = @@character_set_client */;
/*!40101 SET character_set_client = utf8 */;
CREATE TABLE `GitType` (
  `id` int(10) NOT NULL AUTO_INCREMENT,
  `name` varchar(10) DEFAULT '',
  `url` varchar(150) NOT NULL,
  PRIMARY KEY (`id`)
) ENGINE=MyISAM AUTO_INCREMENT=4 DEFAULT CHARSET=utf8;
/*!40101 SET character_set_client = @saved_cs_client */;

--
-- Dumping data for table `GitType`
--

LOCK TABLES `GitType` WRITE;
/*!40000 ALTER TABLE `GitType` DISABLE KEYS */;
INSERT INTO `GitType` VALUES (1,'BitBacket','https://bitbucket.org/'),(2,'GitHub',''),(3,'GitLab','');
/*!40000 ALTER TABLE `GitType` ENABLE KEYS */;
UNLOCK TABLES;

--
-- Table structure for table `JobStack`
--

DROP TABLE IF EXISTS `JobStack`;
/*!40101 SET @saved_cs_client     = @@character_set_client */;
/*!40101 SET character_set_client = utf8 */;
CREATE TABLE `JobStack` (
  `id` int(10) NOT NULL AUTO_INCREMENT,
  `userid` varchar(100) NOT NULL,
  `job` varchar(50) DEFAULT '',
  `message` varchar(255) DEFAULT '',
  `created` int(10) DEFAULT '1111111111',
  PRIMARY KEY (`id`)
) ENGINE=MyISAM AUTO_INCREMENT=3 DEFAULT CHARSET=utf8;
/*!40101 SET character_set_client = @saved_cs_client */;

--
-- Dumping data for table `JobStack`
--

LOCK TABLES `JobStack` WRITE;
/*!40000 ALTER TABLE `JobStack` DISABLE KEYS */;
INSERT INTO `JobStack` VALUES (1,'webclient','add_new_stack',' -e GITURL=https://bitbucket.org/yasukosan/ -e GITREPOSITORY=print-service -e GITBRANCH=master -e GITCOMMIT=c44ef39729c968f308f4a96e2a734b33f0f128fb',1536911127),(2,'webclient','add_new_stack',' -e GITURL=https://bitbucket.org/yasukosan/ -e GITREPOSITORY=Reserve -e GITBRANCH=master -e GITCOMMIT=e46f88199638548854708f0b4311bb795358f304',1537238552);
/*!40000 ALTER TABLE `JobStack` ENABLE KEYS */;
UNLOCK TABLES;

--
-- Table structure for table `Jobs`
--

DROP TABLE IF EXISTS `Jobs`;
/*!40101 SET @saved_cs_client     = @@character_set_client */;
/*!40101 SET character_set_client = utf8 */;
CREATE TABLE `Jobs` (
  `id` int(10) NOT NULL AUTO_INCREMENT,
  `nodeid` int(10) DEFAULT '0',
  `word1` varchar(20) DEFAULT '',
  `word2` varchar(20) DEFAULT '',
  `word3` varchar(20) DEFAULT '',
  `job` varchar(50) DEFAULT '',
  `job_group` int(10) DEFAULT '0',
  `description` varchar(100) DEFAULT '',
  PRIMARY KEY (`id`),
  KEY `word1` (`word1`),
  KEY `word2` (`word2`),
  KEY `word3` (`word3`)
) ENGINE=MyISAM AUTO_INCREMENT=9 DEFAULT CHARSET=utf8;
/*!40101 SET character_set_client = @saved_cs_client */;

--
-- Dumping data for table `Jobs`
--

LOCK TABLES `Jobs` WRITE;
/*!40000 ALTER TABLE `Jobs` DISABLE KEYS */;
INSERT INTO `Jobs` VALUES (1,1,'コンテナ','一覧','取得','get_all_container',0,'全てのコンテナ一覧を取得'),(2,1,'コンテナ','作成','新規','add_new_container',0,'コンテナを新規作成、引数にコンテナ名必須'),(3,1,'コンテナ','停止','しろや','stop_container',0,'コンテナを停止　引数にコンテナ名必須'),(4,1,'コンテナ','削除','しろや','delete_container',0,'コンテナを削除　引数にコンテナ名必須'),(5,1,'スタック','一覧','取得','get_all_stack',0,'スタック一覧を取得'),(6,1,'スタック','作成','新規','add_new_stack',0,NULL),(7,1,'スタック','停止','しろや','stop_stack',0,NULL),(8,1,'スタック','削除','しろや','delete_stack',0,NULL);
/*!40000 ALTER TABLE `Jobs` ENABLE KEYS */;
UNLOCK TABLES;

--
-- Table structure for table `LineUser`
--

DROP TABLE IF EXISTS `LineUser`;
/*!40101 SET @saved_cs_client     = @@character_set_client */;
/*!40101 SET character_set_client = utf8 */;
CREATE TABLE `LineUser` (
  `id` int(10) NOT NULL AUTO_INCREMENT,
  `userid` varchar(100) NOT NULL,
  `created` int(10) NOT NULL DEFAULT '1111111111',
  `updated` int(10) NOT NULL DEFAULT '1111111111',
  PRIMARY KEY (`id`)
) ENGINE=MyISAM DEFAULT CHARSET=utf8;
/*!40101 SET character_set_client = @saved_cs_client */;

--
-- Dumping data for table `LineUser`
--

LOCK TABLES `LineUser` WRITE;
/*!40000 ALTER TABLE `LineUser` DISABLE KEYS */;
/*!40000 ALTER TABLE `LineUser` ENABLE KEYS */;
UNLOCK TABLES;

--
-- Table structure for table `Node`
--

DROP TABLE IF EXISTS `Node`;
/*!40101 SET @saved_cs_client     = @@character_set_client */;
/*!40101 SET character_set_client = utf8 */;
CREATE TABLE `Node` (
  `id` int(10) NOT NULL AUTO_INCREMENT,
  `name` varchar(50) DEFAULT '',
  `ip` varchar(20) DEFAULT '',
  `flag` varchar(20) DEFAULT '',
  `description` varchar(100) DEFAULT '',
  PRIMARY KEY (`id`)
) ENGINE=MyISAM AUTO_INCREMENT=2 DEFAULT CHARSET=utf8;
/*!40101 SET character_set_client = @saved_cs_client */;

--
-- Dumping data for table `Node`
--

LOCK TABLES `Node` WRITE;
/*!40000 ALTER TABLE `Node` DISABLE KEYS */;
INSERT INTO `Node` VALUES (1,'localhost.localdomainRANCHER','127.0.0.1RANCHER','0','');
/*!40000 ALTER TABLE `Node` ENABLE KEYS */;
UNLOCK TABLES;

--
-- Table structure for table `ResponseStack`
--

DROP TABLE IF EXISTS `ResponseStack`;
/*!40101 SET @saved_cs_client     = @@character_set_client */;
/*!40101 SET character_set_client = utf8 */;
CREATE TABLE `ResponseStack` (
  `id` int(10) NOT NULL AUTO_INCREMENT,
  `userid` varchar(100) NOT NULL,
  `message` varchar(255) NOT NULL,
  `created` int(10) NOT NULL DEFAULT '1111111111',
  PRIMARY KEY (`id`)
) ENGINE=MyISAM DEFAULT CHARSET=utf8;
/*!40101 SET character_set_client = @saved_cs_client */;

--
-- Dumping data for table `ResponseStack`
--

LOCK TABLES `ResponseStack` WRITE;
/*!40000 ALTER TABLE `ResponseStack` DISABLE KEYS */;
/*!40000 ALTER TABLE `ResponseStack` ENABLE KEYS */;
UNLOCK TABLES;
/*!40103 SET TIME_ZONE=@OLD_TIME_ZONE */;

/*!40101 SET SQL_MODE=@OLD_SQL_MODE */;
/*!40014 SET FOREIGN_KEY_CHECKS=@OLD_FOREIGN_KEY_CHECKS */;
/*!40014 SET UNIQUE_CHECKS=@OLD_UNIQUE_CHECKS */;
/*!40101 SET CHARACTER_SET_CLIENT=@OLD_CHARACTER_SET_CLIENT */;
/*!40101 SET CHARACTER_SET_RESULTS=@OLD_CHARACTER_SET_RESULTS */;
/*!40101 SET COLLATION_CONNECTION=@OLD_COLLATION_CONNECTION */;
/*!40111 SET SQL_NOTES=@OLD_SQL_NOTES */;

-- Dump completed on 2019-10-18 10:47:02
